e_vGLK,e_vPGI,e_vGLYCO,e_vTreha,e_vPFK,e_vALD,e_vGAPDH,e_vPGK,e_vPGM,e_vENO,e_vPYK,e_vPDC,e_vSUC,e_vGLT,e_vADH,e_vG3PDH,GLCo,ETOH,GLY,G6P,TRIO,ACE,P3G,PEP,GLCi,F6P,BPG,PYR,F16P,P2G,v_vGLK,v_vPGI,v_vGLYCO,v_vTreha,v_vPFK,v_vALD,v_vGAPDH,v_vPGK,v_vPGM,v_vENO,v_vPYK,v_vPDC,v_vSUC,v_vGLT,v_vADH,v_vG3PDH
1,1,1,1,1,1,1,1,1,1,1,1,1,1,1,1,50,50,0.15,0.240981824,0.693960413,0.146704067,0.655901142,0.710718556,40.92814553,0.369112823,0.698693477,0.424314824,0.575383123,0.615137418,2.261813467,1.044855255,0.108441821,0.554258196,1.044855255,1.044855255,1.701092678,1.701092678,1.701092678,1.701092678,1.701092678,1.701092678,0.249396914,2.261813467,1.20229885,0.388617831
1.5,1,1,1,1,1,1,1,1,1,1,1,1,1,1,1,50,50,0.15,0.263367125,0.751822582,0.150859673,0.704055518,0.752660443,37.24774066,0.405419604,0.753906183,0.442996835,0.630348868,0.656388985,2.411206665,1.081202684,0.118515206,0.605744388,1.081202684,1.081202684,1.741384721,1.741384721,1.741384721,1.741384721,1.741384721,1.741384721,0.256461444,2.411206665,1.228461833,0.421020646
1,1.05,1,1,1,1,1,1,1,1,1,1,1,1,1,1,50,50,0.15,0.239725169,0.712572147,0.148081213,0.671487499,0.724397166,40.78564718,0.380649684,0.716503687,0.43045108,0.592920112,0.628539844,2.267373514,1.05676141,0.107876326,0.551367889,1.05676141,1.05676141,1.714482417,1.714482417,1.714482417,1.714482417,1.714482417,1.714482417,0.251738062,2.267373514,1.211006294,0.399040402
1,1,2,1,1,1,1,1,1,1,1,1,1,1,1,1,50,50,0.15,0.2317323,0.669375843,0.144821362,0.635167281,0.6923638,39.87507453,0.354074736,0.675092387,0.416012645,0.552424099,0.597232043,2.303316531,1.028788881,0.20855907,0.53298429,1.028788881,1.028788881,1.68272729,1.68272729,1.68272729,1.68272729,1.68272729,1.68272729,0.246196315,2.303316531,1.19033466,0.374850472
1,1,1,0.5,1,1,1,1,1,1,1,1,1,1,1,1,50,50,0.15,0.308523969,0.861862502,0.157864463,0.793302691,0.828054541,48.36038633,0.478176752,0.85767448,0.475635352,0.738561896,0.731681808,1.994039323,1.145598407,0.138835786,0.354802565,1.145598407,1.145598407,1.808553812,1.808553812,1.808553812,1.808553812,1.808553812,1.808553812,0.268369587,1.994039323,1.271814638,0.482643001
1,1,1,1,2,1,1,1,1,1,1,1,1,1,1,1,50,50,0.15,0.231002229,0.852078491,0.157283142,0.785484322,0.821563404,39.79153061,0.313392093,0.848510839,0.472870477,0.728741498,0.725143266,2.306650566,1.140089311,0.103951003,0.531305126,1.140089311,1.140089311,1.803014668,1.803014668,1.803014668,1.803014668,1.803014668,1.803014668,0.267381341,2.306650566,1.268251987,0.477163955
1,1,1,1,1,0.3,1,1,1,1,1,1,1,1,1,1,50,50,0.15,0.271879639,0.345654001,0.109542999,0.344620395,0.4119168,44.37976448,0.566435809,0.355704757,0.277420025,1.226429699,0.335818314,2.132238705,0.759246528,0.122345838,0.62532317,0.759246528,0.759246528,1.324926815,1.324926815,1.324926815,1.324926815,1.324926815,1.324926815,0.186223098,2.132238705,0.95248062,0.19356624
1,1,1,1,1,1,1.5,1,1,1,1,1,1,1,1,1,50,50,0.15,0.238108475,0.596126517,0.158058189,0.79592548,0.83022742,40.60206071,0.352703116,0.86075166,0.47655905,0.527431738,0.733872875,2.274562392,1.072114594,0.107148814,0.547649492,1.072114594,1.072114594,1.810398338,1.810398338,1.810398338,1.810398338,1.810398338,1.810398338,0.268698921,2.274562392,1.273000496,0.33383085
1,1,1,1,1,1,1,5,1,1,1,1,1,1,1,1,50,50,0.15,0.235399464,0.509630267,0.168679149,0.953956302,0.957142107,40.29376651,0.337506375,0.355684638,0.529011104,0.483880154,0.863808307,2.286699974,1.097932682,0.105929759,0.541418767,1.097932682,1.097932682,1.910472415,1.910472415,1.910472415,1.910472415,1.910472415,1.910472415,0.286754553,2.286699974,1.33696331,0.285392949
1,1,1,1,1,1,1,1,1.02,1,1,1,1,1,1,1,50,50,0.15,0.24089643,0.690958873,0.147042859,0.64597543,0.714063662,40.91846789,0.368620757,0.692629454,0.425819409,0.573931314,0.618410376,2.262190524,1.04566355,0.108403394,0.55406179,1.04566355,1.04566355,1.704390132,1.704390132,1.704390132,1.704390132,1.704390132,1.704390132,0.249972861,2.262190524,1.20444441,0.386936969
1,1,1,1,1,1,1,1,1,5,1,1,1,1,1,1,50,50,0.15,0.238847956,0.620691001,0.155145007,0.42825203,0.798059839,40.68607043,0.356897408,0.555290838,0.462789579,0.539596877,0.278689401,2.271269147,1.06508697,0.10748158,0.549350299,1.06508697,1.06508697,1.782586979,1.782586979,1.782586979,1.782586979,1.782586979,1.782586979,0.263746512,2.271269147,1.255093955,0.34758696
1,1,1,1,1,1,1,1,1,1,1.02,1,1,1,1,1,50,50,0.15,0.240926049,0.691999299,0.146925358,0.649409998,0.694230313,40.92182469,0.3687914,0.694729572,0.425297214,0.574434689,0.605239401,2.262059728,1.045383179,0.108416722,0.554129914,1.045383179,1.045383179,1.70324675,1.70324675,1.70324675,1.70324675,1.70324675,1.70324675,0.249773109,2.262059728,1.203700532,0.387519607
1,1,1,1,1,1,1,1,1,1,1,1.05,1,1,1,1,50,50,0.15,0.240898361,0.691026675,0.1470352,0.64619906,0.686094371,40.91868672,0.36863188,0.692766254,0.397487564,0.573964122,0.600349543,2.262181997,1.045645273,0.108404263,0.554066231,1.045645273,1.045645273,1.704315608,1.704315608,1.704315608,1.704315608,1.704315608,1.704315608,0.24995984,2.262181997,1.204395928,0.386974938
1,1,1,1,1,1,1,1,1,1,1,1,3,1,1,1,50,50,0.15,0.240814591,0.688087778,0.088938258,0.636530487,0.661676891,40.90919231,0.368149427,0.686844319,0.370980813,0.57254149,0.58565094,2.26255199,1.046438306,0.108366566,0.553873559,1.046438306,1.046438306,1.707547456,1.707547456,1.707547456,1.707547456,1.707547456,1.707547456,0.453585116,2.26255199,0.800377223,0.385329156
1,1,1,1,1,1,1,1,1,1,1,1,1,1.5,1,1,50,50,0.15,0.295807795,0.831739882,0.15605051,0.769160872,0.807942903,56.33258708,0.45776103,0.829423489,0.467041943,0.70845246,0.711457226,2.622340831,1.128511467,0.133113508,0.680357928,1.128511467,1.128511467,1.791248599,1.791248599,1.791248599,1.791248599,1.791248599,1.791248599,0.265285866,2.622340831,1.260676867,0.465774334
1,1,1,1,1,1,1,1,1,1,1,1,1,1,2,1,50,50,0.15,0.240784198,0.687022917,0.078679085,0.633039692,0.652890985,40.90574747,0.367974453,0.684702477,0.361466584,0.572025742,0.580353481,2.262686253,1.046726051,0.108352889,0.553803656,1.046726051,1.046726051,1.708719269,1.708719269,1.708719269,1.708719269,1.708719269,1.708719269,0.133754445,2.262686253,1.441210379,0.384732834
1,1,1,1,1,1,1,1,1,1,1,1,1,1,1,7.5,50,50,0.15,0.227093299,0.275932452,0.097536026,0.27733685,0.339136446,39.34313166,0.292514479,0.284769632,0.236837395,0.359783031,0.272086809,2.324651033,1.177829873,0.102191985,0.522314588,1.177829873,1.177829873,1.196743449,1.196743449,1.196743449,1.196743449,1.196743449,1.196743449,0.165811245,2.324651033,0.865120959,1.158916297
